," [Z1Light , false]"," [Z1Light , true]"," [Z2Light , false]"," [Z2Light , true]"," [Z1Blinds , false] ","[Z1Blinds , true]","[Z2Blinds , false]","[Z2Blinds , true]"
0,0,0,0,0,0,0,0,0
1,0,0,0,0,0,0,0,0
2,0,0,0,0,0,0,0,0
3,0,0,0,0,0,0,0,0
10,0,0,0,0,0,0,0,0
11,0,0,0,0,0,0,0,0
12,0,0,0,0,0,0,0,0
13,0,0,0,0,0,0,0,0
100,0,0,0,0,0,0,0,0
101,0,0,0,0,0,0,0,0
102,0,0,0,0,0,0,0,0
103,0,0,0,0,0,0,0,0
110,0,0,0,0,0,0,0,0
111,0,0,0,0,0,0,0,0
112,0,0,0,0,0,0,0,0
113,0,0,0,0,0,0,0,0
1000,0,0,0,0,0,0,0,0
1001,0,0,0,0,0,0,0,0
1002,0,0,0,0,0,0,0,0
1003,0,0,0,0,0,0,0,0
1010,0,0,0,0,0,0,0,0
1011,0,0,0,0,0,0,0,0
1012,0,0,0,0,0,0,0,0
1013,0,0,0,0,0,0,0,0
1100,0,0,0,0,0,0,0,0
1101,0,0,0,0,0,0,0,0
1102,0,0,0,0,0,0,0,0
1103,0,0,0,0,0,0,0,0
1110,0,0,0,0,0,0,0,0
1111,0,0,0,0,0,0,0,0
1112,0,0,0,0,0,0,0,0
1113,0,0,0,0,0,0,0,0
10000,0,0,0,0,0,0,0,0
10001,0,0,0,0,0,0,0,0
10002,0,0,0,0,0,0,0,0
10003,0,0,0,0,0,0,0,0
10010,0,0,0,0,0,0,0,0
10011,0,0,0,0,0,0,0,0
10012,0,0,0,0,0,0,0,0
10013,0,0,0,0,0,0,0,0
10100,0,0,0,0,0,0,0,0
10101,0,0,0,0,0,0,0,0
10102,0,0,0,0,0,0,0,0
10103,0,0,0,0,0,0,0,0
10110,0,0,0,0,0,0,0,0
10111,0,0,0,0,0,0,0,0
10112,0,0,0,0,0,0,0,0
10113,0,0,0,0,0,0,0,0
11000,0,0,0,0,0,0,0,0
11001,0,0,0,0,0,0,0,0
11002,0,0,0,0,0,0,0,0
11003,0,0,0,0,0,0,0,0
11010,0,0,0,0,0,0,0,0
11011,0,0,0,0,0,0,0,0
11012,0,0,0,0,0,0,0,0
11013,0,0,0,0,0,0,0,0
11100,0,0,0,0,0,0,0,0
11101,0,0,0,0,0,0,0,0
11102,0,0,0,0,0,0,0,0
11103,0,0,0,0,0,0,0,0
11110,0,0,0,0,0,0,0,0
11111,0,0,0,0,0,0,0,0
11112,0,0,0,0,0,0,0,0
11113,0,0,0,0,0,0,0,0
100000,0,0,0,0,0,0,0,0
100001,0,0,0,0,0,0,0,0
100002,0,0,0,0,0,0,0,0
100003,0,0,0,0,0,0,0,0
100010,0,0,0,0,0,0,0,0
100011,0,0,0,0,0,0,0,0
100012,0,0,0,0,0,0,0,0
100013,0,0,0,0,0,0,0,0
100100,0,0,0,0,0,0,0,0
100101,0,0,0,0,0,0,0,0
100102,0,0,0,0,0,0,0,0
100103,0,0,0,0,0,0,0,0
100110,0,0,0,0,0,0,0,0
100111,0,0,0,0,0,0,0,0
100112,0,0,0,0,0,0,0,0
100113,0,0,0,0,0,0,0,0
101000,0,0,0,0,0,0,0,0
101001,0,0,0,0,0,0,0,0
101002,0,0,0,0,0,0,0,0
101003,0,0,0,0,0,0,0,0
101010,0,0,0,0,0,0,0,0
101011,0,0,0,0,0,0,0,0
101012,0,0,0,0,0,0,0,0
101013,0,0,0,0,0,0,0,0
101100,0,0,0,0,0,0,0,0
101101,0,0,0,0,0,0,0,0
101102,0,0,0,0,0,0,0,0
101103,0,0,0,0,0,0,0,0
101110,0,0,0,0,0,0,0,0
101111,0,0,0,0,0,0,0,0
101112,0,0,0,0,0,0,0,0
101113,0,0,0,0,0,0,0,0
110000,0,0,0,0,0,0,0,0
110001,0,0,0,0,0,0,0,0
110002,0,0,0,0,0,0,0,0
110003,0,0,0,0,0,0,0,0
110010,0,0,0,0,0,0,0,0
110011,0,0,0,0,0,0,0,0
110012,0,0,0,0,0,0,0,0
110013,0,0,0,0,0,0,0,0
110100,0,0,0,0,0,0,0,0
110101,0,0,0,0,0,0,0,0
110102,0,0,0,0,0,0,0,0
110103,0,0,0,0,0,0,0,0
110110,0,0,0,0,0,0,0,0
110111,0,0,0,0,0,0,0,0
110112,0,0,0,0,0,0,0,0
110113,0,0,0,0,0,0,0,0
111000,0,0,0,0,0,0,0,0
111001,0,0,0,0,0,0,0,0
111002,0,0,0,0,0,0,0,0
111003,0,0,0,0,0,0,0,0
111010,0,0,0,0,0,0,0,0
111011,0,0,0,0,0,0,0,0
111012,0,0,0,0,0,0,0,0
111013,0,0,0,0,0,0,0,0
111100,0,0,0,0,0,0,0,0
111101,0,0,0,0,0,0,0,0
111102,0,0,0,0,0,0,0,0
111103,0,0,0,0,0,0,0,0
111110,0,0,0,0,0,0,0,0
111111,0,0,0,0,0,0,0,0
111112,0,0,0,0,0,0,0,0
111113,0,0,0,0,0,0,0,0
200000,0,0,0,0,0,0,0,0
200001,0,0,0,0,0,0,0,0
200002,0,0,0,0,0,0,0,0
200003,0,0,0,0,0,0,0,0
200010,0,0,1,0,0,0,0,0
200011,0,0,0,0,0,0,0,0
200012,0,0,0,0,0,0,0,0
200013,0,0,0,0,0,0,0,0
200100,0,0,0,0,0,0,0,0
200101,0,0,0,0,0,0,0,0
200102,0,0,0,0,0,0,0,0
200103,0,0,0,0,0,0,0,0
200110,0,0,0,0,0,1,0,0
200111,0,0,0,0,0,0,0,0
200112,0,0,0,0,0,0,0,0
200113,0,0,0,0,0,0,0,0
201000,0,0,0,0,1,0,0,0
201001,0,0,0,0,0,0,0,0
201002,0,0,0,0,0,0,0,0
201003,0,0,0,0,0,0,0,0
201010,0,0,0,0,0,0,0,1
201011,0,0,0,0,0,0,0,0
201012,0,0,0,0,0,0,0,0
201013,0,0,0,0,0,0,0,0
201100,0,0,0,0,0,0,1,0
201101,0,0,0,0,0,0,0,0
201102,0,0,0,0,0,0,0,0
201103,0,0,0,0,0,0,0,0
201110,1,0,0,1,0,0,0,0
201111,0,0,0,0,0,0,0,0
201112,0,0,0,0,0,0,0,0
201113,0,0,0,0,0,0,0,0
210000,0,0,0,0,0,0,0,0
210001,0,0,0,0,0,0,0,0
210002,0,0,0,0,0,0,0,0
210003,0,0,0,0,0,0,0,0
210010,0,0,0,0,0,0,0,0
210011,0,0,0,0,0,0,0,0
210012,0,0,0,0,0,0,0,0
210013,0,0,0,0,0,0,0,0
210100,0,0,0,0,0,0,0,0
210101,0,0,0,0,0,0,0,0
210102,0,0,0,0,0,0,0,0
210103,0,0,0,0,0,0,0,0
210110,0,0,0,0,0,0,0,0
210111,0,0,0,0,0,0,0,0
210112,0,0,0,0,0,0,0,0
210113,0,0,0,0,0,0,0,0
211000,0,0,0,0,0,0,0,0
211001,0,0,0,0,0,0,0,0
211002,0,0,0,0,0,0,0,0
211003,0,0,0,0,0,0,0,0
211010,0,0,0,0,0,0,0,0
211011,0,0,0,0,0,0,0,0
211012,0,0,0,0,0,0,0,0
211013,0,0,0,0,0,0,0,0
211100,0,0,0,0,0,0,0,0
211101,0,0,0,0,0,0,0,0
211102,0,0,0,0,0,0,0,0
211103,0,0,0,0,0,0,0,0
211110,0,0,0,0,0,0,0,0
211111,0,0,0,0,0,0,0,0
211112,0,0,0,0,0,0,0,0
211113,0,0,0,0,0,0,0,0
300000,0,0,0,0,0,0,0,0
300001,0,0,0,0,0,0,0,0
300002,0,0,0,0,0,0,0,0
300003,0,0,0,0,0,0,0,0
300010,0,0,0,0,0,0,0,0
300011,0,0,0,0,0,0,0,0
300012,0,0,0,0,0,0,0,0
300013,0,0,0,0,0,0,0,0
300100,0,0,0,0,0,0,0,0
300101,0,0,0,0,0,0,0,0
300102,0,0,0,0,0,0,0,0
300103,0,0,0,0,0,0,0,0
300110,0,0,0,0,0,0,0,0
300111,0,0,0,0,0,0,0,0
300112,0,0,0,0,0,0,0,0
300113,0,0,0,0,0,0,0,0
301000,0,0,0,0,0,0,0,0
301001,0,0,0,0,0,0,0,0
301002,0,0,0,0,0,0,0,0
301003,0,0,0,0,0,0,0,0
301010,0,0,0,0,0,0,0,0
301011,0,0,0,0,0,0,0,0
301012,0,0,0,0,0,0,0,0
301013,0,0,0,0,0,0,0,0
301100,0,0,0,0,0,0,0,0
301101,0,0,0,0,0,0,0,0
301102,0,0,0,0,0,0,0,0
301103,0,0,0,0,0,0,0,0
301110,0,0,0,0,0,0,0,0
301111,0,0,0,0,0,0,0,0
301112,0,0,0,0,0,0,0,0
301113,0,0,0,0,0,0,0,0
310000,0,0,0,0,0,0,0,0
310001,0,0,0,0,0,0,0,0
310002,0,0,0,0,0,0,0,0
310003,0,0,0,0,0,0,0,0
310010,0,0,0,0,0,0,0,0
310011,0,0,0,0,0,0,0,0
310012,0,0,0,0,0,0,0,0
310013,0,0,0,0,0,0,0,0
310100,0,0,0,0,0,0,0,0
310101,0,0,0,0,0,0,0,0
310102,0,0,0,0,0,0,0,0
310103,0,0,0,0,0,0,0,0
310110,0,0,0,0,0,0,0,0
310111,0,0,0,0,0,0,0,0
310112,0,0,0,0,0,0,0,0
310113,0,0,0,0,0,0,0,0
311000,0,0,0,0,0,0,0,0
311001,0,0,0,0,0,0,0,0
311002,0,0,0,0,0,0,0,0
311003,0,0,0,0,0,0,0,0
311010,0,0,0,0,0,0,0,0
311011,0,0,0,0,0,0,0,0
311012,0,0,0,0,0,0,0,0
311013,0,0,0,0,0,0,0,0
311100,0,0,0,0,0,0,0,0
311101,0,0,0,0,0,0,0,0
311102,0,0,0,0,0,0,0,0
311103,0,0,0,0,0,0,0,0
311110,0,0,0,0,0,0,0,0
311111,0,0,0,0,0,0,0,0
311112,0,0,0,0,0,0,0,0
311113,0,0,0,0,0,0,0,0
1000000,0,0,0,0,0,0,0,0
1000001,0,0,0,0,0,0,0,0
1000002,0,0,0,0,0,0,0,0
1000003,0,0,0,0,0,0,0,0
1000010,0,0,0,0,0,0,0,0
1000011,0,0,0,0,0,0,0,0
1000012,0,0,0,0,0,0,0,0
1000013,0,0,0,0,0,0,0,0
1000100,0,0,0,0,0,0,0,0
1000101,0,0,0,0,0,0,0,0
1000102,0,0,0,0,0,0,0,0
1000103,0,0,0,0,0,0,0,0
1000110,0,0,0,0,0,0,0,0
1000111,0,0,0,0,0,0,0,0
1000112,0,0,0,0,0,0,0,0
1000113,0,0,0,0,0,0,0,0
1001000,0,0,0,0,0,0,0,0
1001001,0,0,0,0,0,0,0,0
1001002,0,0,0,0,0,0,0,0
1001003,0,0,0,0,0,0,0,0
1001010,0,0,0,0,0,0,0,0
1001011,0,0,0,0,0,0,0,0
1001012,0,0,0,0,0,0,0,0
1001013,0,0,0,0,0,0,0,0
1001100,0,0,0,0,0,0,0,0
1001101,0,0,0,0,0,0,0,0
1001102,0,0,0,0,0,0,0,0
1001103,0,0,0,0,0,0,0,0
1001110,0,0,0,0,0,0,0,0
1001111,0,0,0,0,0,0,0,0
1001112,0,0,0,0,0,0,0,0
1001113,0,0,0,0,0,0,0,0
1010000,0,0,0,0,0,0,0,0
1010001,0,0,0,0,0,0,0,0
1010002,0,0,0,0,0,0,0,0
1010003,0,0,0,0,0,0,0,0
1010010,0,0,0,0,0,0,0,0
1010011,0,0,0,0,0,0,0,0
1010012,0,0,0,0,0,0,0,0
1010013,0,0,0,0,0,0,0,0
1010100,0,0,0,0,0,0,0,0
1010101,0,0,0,0,0,0,0,0
1010102,0,0,0,0,0,0,0,0
1010103,0,0,0,0,0,0,0,0
1010110,0,0,0,0,0,0,0,0
1010111,0,0,0,0,0,0,0,0
1010112,0,0,0,0,0,0,0,0
1010113,0,0,0,0,0,0,0,0
1011000,0,0,0,0,0,0,0,0
1011001,0,0,0,0,0,0,0,0
1011002,0,0,0,0,0,0,0,0
1011003,0,0,0,0,0,0,0,0
1011010,0,0,0,0,0,0,0,0
1011011,0,0,0,0,0,0,0,0
1011012,0,0,0,0,0,0,0,0
1011013,0,0,0,0,0,0,0,0
1011100,0,0,0,0,0,0,0,0
1011101,0,0,0,0,0,0,0,0
1011102,0,0,0,0,0,0,0,0
1011103,0,0,0,0,0,0,0,0
1011110,0,0,0,0,0,0,0,0
1011111,0,0,0,0,0,0,0,0
1011112,0,0,0,0,0,0,0,0
1011113,0,0,0,0,0,0,0,0
1100000,0,0,0,0,0,0,0,0
1100001,0,0,0,0,0,0,0,0
1100002,0,0,0,0,0,0,0,0
1100003,0,0,0,0,0,0,0,0
1100010,0,0,0,0,0,0,0,0
1100011,0,0,0,0,0,0,0,0
1100012,0,0,0,0,0,0,0,0
1100013,0,0,0,0,0,0,0,0
1100100,0,0,0,0,0,0,0,0
1100101,0,0,0,0,0,0,0,0
1100102,0,0,0,0,0,0,0,0
1100103,0,0,0,0,0,0,0,0
1100110,0,0,0,0,0,0,0,0
1100111,0,0,0,0,0,0,0,0
1100112,0,0,0,0,0,0,0,0
1100113,0,0,0,0,0,0,0,0
1101000,0,0,0,0,0,0,0,0
1101001,0,0,0,0,0,0,0,0
1101002,0,0,0,0,0,0,0,0
1101003,0,0,0,0,0,0,0,0
1101010,0,0,0,0,0,0,0,0
1101011,0,0,0,0,0,0,0,0
1101012,0,0,0,0,0,0,0,0
1101013,0,0,0,0,0,0,0,0
1101100,0,0,0,0,0,0,0,0
1101101,0,0,0,0,0,0,0,0
1101102,0,0,0,0,0,0,0,0
1101103,0,0,0,0,0,0,0,0
1101110,0,0,0,0,0,0,0,0
1101111,0,0,0,0,0,0,0,0
1101112,0,0,0,0,0,0,0,0
1101113,0,0,0,0,0,0,0,0
1110000,0,0,0,0,0,0,0,0
1110001,0,0,0,0,0,0,0,0
1110002,0,0,0,0,0,0,0,0
1110003,0,0,0,0,0,0,0,0
1110010,0,0,0,0,0,0,0,0
1110011,0,0,0,0,0,0,0,0
1110012,0,0,0,0,0,0,0,0
1110013,0,0,0,0,0,0,0,0
1110100,0,0,0,0,0,0,0,0
1110101,0,0,0,0,0,0,0,0
1110102,0,0,0,0,0,0,0,0
1110103,0,0,0,0,0,0,0,0
1110110,0,0,0,0,0,0,0,0
1110111,0,0,0,0,0,0,0,0
1110112,0,0,0,0,0,0,0,0
1110113,0,0,0,0,0,0,0,0
1111000,0,0,0,0,0,0,0,0
1111001,0,0,0,0,0,0,0,0
1111002,0,0,0,0,0,0,0,0
1111003,0,0,0,0,0,0,0,0
1111010,0,0,0,0,0,0,0,0
1111011,0,0,0,0,0,0,0,0
1111012,0,0,0,0,0,0,0,0
1111013,0,0,0,0,0,0,0,0
1111100,0,0,0,0,0,0,0,0
1111101,0,0,0,0,0,0,0,0
1111102,0,0,0,0,0,0,0,0
1111103,0,0,0,0,0,0,0,0
1111110,0,0,0,0,0,0,0,0
1111111,0,0,0,0,0,0,0,0
1111112,0,0,0,0,0,0,0,0
1111113,0,0,0,0,0,0,0,0
1200000,0,0,0,0,0,0,0,0
1200001,0,0,0,0,0,0,0,0
1200002,0,0,0,0,0,0,0,0
1200003,0,0,0,0,0,0,0,0
1200010,0,0,0,0,0,0,0,0
1200011,0,0,0,0,0,0,0,0
1200012,0,0,0,0,0,0,0,0
1200013,0,0,0,0,0,0,0,0
1200100,0,0,0,0,0,0,0,0
1200101,0,0,0,0,0,0,0,0
1200102,0,0,0,0,0,0,0,0
1200103,0,0,0,0,0,0,0,0
1200110,0,0,0,0,0,0,0,0
1200111,0,0,0,0,0,0,0,0
1200112,0,0,0,0,0,0,0,0
1200113,0,0,0,0,0,0,0,0
1201000,0,0,0,0,0,0,0,0
1201001,0,0,0,0,0,0,0,0
1201002,0,0,0,0,0,0,0,0
1201003,0,0,0,0,0,0,0,0
1201010,0,0,0,0,0,0,0,0
1201011,0,0,0,0,0,0,0,0
1201012,0,0,0,0,0,0,0,0
1201013,0,0,0,0,0,0,0,0
1201100,0,0,0,0,0,0,0,0
1201101,0,0,0,0,0,0,0,0
1201102,0,0,0,0,0,0,0,0
1201103,0,0,0,0,0,0,0,0
1201110,0,0,0,0,0,0,0,0
1201111,0,0,0,0,0,0,0,0
1201112,0,0,0,0,0,0,0,0
1201113,0,0,0,0,0,0,0,0
1210000,0,0,0,0,0,0,0,0
1210001,0,0,0,0,0,0,0,0
1210002,0,0,0,0,0,0,0,0
1210003,0,0,0,0,0,0,0,0
1210010,0,0,0,0,0,0,0,0
1210011,0,0,0,0,0,0,0,0
1210012,0,0,0,0,0,0,0,0
1210013,0,0,0,0,0,0,0,0
1210100,0,0,0,0,0,0,0,0
1210101,0,0,0,0,0,0,0,0
1210102,0,0,0,0,0,0,0,0
1210103,0,0,0,0,0,0,0,0
1210110,0,0,0,0,0,0,0,0
1210111,0,0,0,0,0,0,0,0
1210112,0,0,0,0,0,0,0,0
1210113,0,0,0,0,0,0,0,0
1211000,0,0,0,0,0,0,0,0
1211001,0,0,0,0,0,0,0,0
1211002,0,0,0,0,0,0,0,0
1211003,0,0,0,0,0,0,0,0
1211010,0,0,0,0,0,0,0,0
1211011,0,0,0,0,0,0,0,0
1211012,0,0,0,0,0,0,0,0
1211013,0,0,0,0,0,0,0,0
1211100,0,0,0,0,0,0,0,0
1211101,0,0,0,0,0,0,0,0
1211102,0,0,0,0,0,0,0,0
1211103,0,0,0,0,0,0,0,0
1211110,0,0,0,0,0,0,0,0
1211111,0,0,0,0,0,0,0,0
1211112,0,0,0,0,0,0,0,0
1211113,0,0,0,0,0,0,0,0
1300000,0,0,0,0,0,0,0,0
1300001,0,0,0,0,0,0,0,0
1300002,0,0,0,0,0,0,0,0
1300003,0,0,0,0,0,0,0,0
1300010,0,0,0,0,0,0,0,0
1300011,0,0,0,0,0,0,0,0
1300012,0,0,0,0,0,0,0,0
1300013,0,0,0,0,0,0,0,0
1300100,0,0,0,0,0,0,0,0
1300101,0,0,0,0,0,0,0,0
1300102,0,0,0,0,0,0,0,0
1300103,0,0,0,0,0,0,0,0
1300110,0,0,0,0,0,0,0,0
1300111,0,0,0,0,0,0,0,0
1300112,0,0,0,0,0,0,0,0
1300113,0,0,0,0,0,0,0,0
1301000,0,0,0,0,0,0,0,0
1301001,0,0,0,0,0,0,0,0
1301002,0,0,0,0,0,0,0,0
1301003,0,0,0,0,0,0,0,0
1301010,1,0,0,0,0,0,0,0
1301011,0,0,0,0,0,0,0,0
1301012,0,0,0,0,0,0,0,0
1301013,0,0,0,0,0,0,0,0
1301100,0,0,0,0,0,0,0,0
1301101,0,0,0,0,0,0,0,0
1301102,0,0,0,0,0,0,0,0
1301103,0,0,0,0,0,0,0,0
1301110,0,0,0,0,0,0,0,0
1301111,0,0,0,0,0,0,0,0
1301112,0,0,0,0,0,0,0,0
1301113,0,0,0,0,0,0,0,0
1310000,0,0,0,0,0,0,0,0
1310001,0,0,0,0,0,0,0,0
1310002,0,0,0,0,0,0,0,0
1310003,0,0,0,0,0,0,0,0
1310010,0,0,0,0,0,0,0,0
1310011,0,0,0,0,0,0,0,0
1310012,0,0,0,0,0,0,0,0
1310013,0,0,0,0,0,0,0,0
1310100,0,0,0,0,0,0,0,0
1310101,0,0,0,0,0,0,0,0
1310102,0,0,0,0,0,0,0,0
1310103,0,0,0,0,0,0,0,0
1310110,0,0,0,0,0,0,0,0
1310111,0,0,0,0,0,0,0,0
1310112,0,0,0,0,0,0,0,0
1310113,0,0,0,0,0,0,0,0
1311000,0,0,0,0,0,0,0,0
1311001,0,0,0,0,0,0,0,0
1311002,0,0,0,0,0,0,0,0
1311003,0,0,0,0,0,0,0,0
1311010,0,0,0,0,0,0,0,0
1311011,0,0,0,0,0,0,0,0
1311012,0,0,0,0,0,0,0,0
1311013,0,0,0,0,0,0,0,0
1311100,0,0,0,0,0,0,0,0
1311101,0,0,0,0,0,0,0,0
1311102,0,0,0,0,0,0,0,0
1311103,0,0,0,0,0,0,0,0
1311110,0,0,0,0,0,0,0,0
1311111,0,0,0,0,0,0,0,0
1311112,0,0,0,0,0,0,0,0
1311113,0,0,0,0,0,0,0,0
2000000,0,0,0,0,0,0,0,0
2000001,0,0,0,0,0,0,0,0
2000002,0,0,0,0,0,0,0,0
2000003,0,0,0,0,0,0,0,0
2000010,0,0,0,0,0,0,0,0
2000011,0,0,0,0,0,0,0,0
2000012,0,0,0,0,0,0,0,0
2000013,0,0,0,0,0,0,0,0
2000100,0,0,0,0,0,0,0,0
2000101,0,0,0,0,0,0,0,0
2000102,0,0,0,0,0,0,0,0
2000103,0,0,0,0,0,0,0,0
2000110,0,0,0,0,0,0,0,0
2000111,0,0,0,0,0,0,0,0
2000112,0,0,0,0,0,0,0,0
2000113,0,0,0,0,0,0,0,0
2001000,0,0,0,0,0,0,0,0
2001001,0,0,0,0,0,0,0,0
2001002,0,0,0,0,0,0,0,0
2001003,0,0,0,0,0,0,0,0
2001010,0,0,0,0,0,0,0,0
2001011,0,0,0,0,0,0,0,0
2001012,0,0,0,0,0,0,0,0
2001013,0,0,0,0,0,0,0,0
2001100,0,0,0,0,0,0,0,0
2001101,0,0,0,0,0,0,0,0
2001102,0,0,0,0,0,0,0,0
2001103,0,0,0,0,0,0,0,0
2001110,0,0,0,0,0,0,0,0
2001111,0,0,0,0,0,0,0,0
2001112,0,0,0,0,0,0,0,0
2001113,0,0,0,0,0,0,0,0
2010000,0,0,0,0,0,0,0,0
2010001,0,0,0,0,0,0,0,0
2010002,0,0,0,0,0,0,0,0
2010003,0,0,0,0,0,0,0,0
2010010,0,0,0,0,0,0,0,0
2010011,0,0,0,0,0,0,0,0
2010012,0,0,0,0,0,0,0,0
2010013,0,0,0,0,0,0,0,0
2010100,0,0,0,0,0,0,0,0
2010101,0,0,0,0,0,0,0,0
2010102,0,0,0,0,0,0,0,0
2010103,0,0,0,0,0,0,0,0
2010110,0,0,0,0,0,0,0,0
2010111,0,0,0,0,0,0,0,0
2010112,0,0,0,0,0,0,0,0
2010113,0,0,0,0,0,0,0,0
2011000,0,0,0,0,0,0,0,0
2011001,0,0,0,0,0,0,0,0
2011002,0,0,0,0,0,0,0,0
2011003,0,0,0,0,0,0,0,0
2011010,0,0,0,0,0,0,0,0
2011011,0,0,0,0,0,0,0,0
2011012,0,0,0,0,0,0,0,0
2011013,0,0,0,0,0,0,0,0
2011100,0,0,0,0,0,0,0,0
2011101,0,0,0,0,0,0,0,0
2011102,0,0,0,0,0,0,0,0
2011103,0,0,0,0,0,0,0,0
2011110,0,0,0,0,0,0,0,0
2011111,0,0,0,0,0,0,0,0
2011112,0,0,0,0,0,0,0,0
2011113,0,0,0,0,0,0,0,0
2100000,0,0,0,0,0,0,0,0
2100001,0,0,0,0,0,0,0,0
2100002,0,0,0,0,0,0,0,0
2100003,0,0,0,0,0,0,0,0
2100010,0,0,0,0,0,0,0,0
2100011,0,0,0,0,0,0,0,0
2100012,0,0,0,0,0,0,0,0
2100013,0,0,0,0,0,0,0,0
2100100,0,0,0,0,0,0,0,0
2100101,0,0,0,0,0,0,0,0
2100102,0,0,0,0,0,0,0,0
2100103,0,0,0,0,0,0,0,0
2100110,0,0,0,0,0,0,0,0
2100111,0,0,0,0,0,0,0,0
2100112,0,0,0,0,0,0,0,0
2100113,0,0,0,0,0,0,0,0
2101000,0,0,0,0,0,0,0,0
2101001,0,0,0,0,0,0,0,0
2101002,0,0,0,0,0,0,0,0
2101003,0,0,0,0,0,0,0,0
2101010,0,0,0,0,0,0,0,0
2101011,0,0,0,0,0,0,0,0
2101012,0,0,0,0,0,0,0,0
2101013,0,0,0,0,0,0,0,0
2101100,0,0,0,0,0,0,0,0
2101101,0,0,0,0,0,0,0,0
2101102,0,0,0,0,0,0,0,0
2101103,0,0,0,0,0,0,0,0
2101110,0,0,0,0,0,0,0,0
2101111,0,0,0,0,0,0,0,0
2101112,0,0,0,0,0,0,0,0
2101113,0,0,0,0,0,0,0,0
2110000,0,0,0,0,0,0,0,0
2110001,0,0,0,0,0,0,0,0
2110002,0,0,0,0,0,0,0,0
2110003,0,0,0,0,0,0,0,0
2110010,0,0,0,0,0,0,0,0
2110011,0,0,0,0,0,0,0,0
2110012,0,0,0,0,0,0,0,0
2110013,0,0,0,0,0,0,0,0
2110100,0,0,0,0,0,0,0,0
2110101,0,0,0,0,0,0,0,0
2110102,0,0,0,0,0,0,0,0
2110103,0,0,0,0,0,0,0,0
2110110,0,0,0,0,0,0,0,0
2110111,0,0,0,0,0,0,0,0
2110112,0,0,0,0,0,0,0,0
2110113,0,0,0,0,0,0,0,0
2111000,0,0,0,0,0,0,0,0
2111001,0,0,0,0,0,0,0,0
2111002,0,0,0,0,0,0,0,0
2111003,0,0,0,0,0,0,0,0
2111010,0,0,0,0,0,0,0,0
2111011,0,0,0,0,0,0,0,0
2111012,0,0,0,0,0,0,0,0
2111013,0,0,0,0,0,0,0,0
2111100,0,0,0,0,0,0,0,0
2111101,0,0,0,0,0,0,0,0
2111102,0,0,0,0,0,0,0,0
2111103,0,0,0,0,0,0,0,0
2111110,0,0,0,0,0,0,0,0
2111111,0,0,0,0,0,0,0,0
2111112,0,0,0,0,0,0,0,0
2111113,0,0,0,0,0,0,0,0
2200000,0,0,0,0,0,0,0,0
2200001,0,0,0,0,0,0,0,0
2200002,0,0,0,0,0,0,0,0
2200003,0,0,0,0,0,0,0,0
2200010,0,0,0,0,0,0,0,0
2200011,0,0,0,0,0,0,0,0
2200012,0,0,0,0,0,0,0,0
2200013,0,0,0,0,0,0,0,0
2200100,0,0,0,0,0,0,0,0
2200101,0,0,0,0,0,0,0,0
2200102,0,0,0,0,0,0,0,0
2200103,0,0,0,0,0,0,0,0
2200110,0,0,0,0,0,0,0,0
2200111,0,0,0,0,0,0,0,0
2200112,0,0,0,0,0,0,0,0
2200113,0,0,0,0,0,0,0,0
2201000,0,0,0,0,0,0,0,0
2201001,0,0,0,0,0,0,0,0
2201002,0,0,0,0,0,0,0,0
2201003,0,0,0,0,0,0,0,0
2201010,0,0,0,0,0,0,0,0
2201011,0,0,0,0,0,0,0,0
2201012,0,0,0,0,0,0,0,0
2201013,0,0,0,0,0,0,0,0
2201100,0,0,0,0,0,0,0,0
2201101,0,0,0,0,0,0,0,0
2201102,0,0,0,0,0,0,0,0
2201103,0,0,0,0,0,0,0,0
2201110,0,0,0,0,0,0,0,0
2201111,0,0,0,0,0,0,0,0
2201112,0,0,0,0,0,0,0,0
2201113,0,0,0,0,0,0,0,0
2210000,0,0,0,0,0,0,0,0
2210001,0,0,0,0,0,0,0,0
2210002,0,0,0,0,0,0,0,0
2210003,0,0,0,0,0,0,0,0
2210010,0,0,0,0,0,0,0,0
2210011,0,0,0,0,0,0,0,0
2210012,0,0,0,0,0,0,0,0
2210013,0,0,0,0,0,0,0,0
2210100,0,0,0,0,0,0,0,0
2210101,0,0,0,0,0,0,0,0
2210102,0,0,0,0,0,0,0,0
2210103,0,0,0,0,0,0,0,0
2210110,0,0,0,0,0,0,0,0
2210111,0,0,0,0,0,0,0,0
2210112,0,0,0,0,0,0,0,0
2210113,0,0,0,0,0,0,0,0
2211000,0,0,0,0,0,0,0,0
2211001,0,0,0,0,0,0,0,0
2211002,0,0,0,0,0,0,0,0
2211003,0,0,0,0,0,0,0,0
2211010,0,0,0,0,0,0,0,0
2211011,0,0,0,0,0,0,0,0
2211012,0,0,0,0,0,0,0,0
2211013,0,0,0,0,0,0,0,0
2211100,0,0,0,0,0,0,0,0
2211101,0,0,0,0,0,0,0,0
2211102,0,0,0,0,0,0,0,0
2211103,0,0,0,0,0,0,0,0
2211110,0,0,0,0,0,0,0,0
2211111,0,0,0,0,0,0,0,0
2211112,0,0,0,0,0,0,0,0
2211113,0,0,0,0,0,0,0,0
2300000,0,0,0,0,0,0,0,0
2300001,0,0,0,0,0,0,0,0
2300002,0,0,0,0,0,0,0,0
2300003,0,0,0,0,0,0,0,0
2300010,0,0,0,0,0,0,0,0
2300011,0,0,0,0,0,0,0,0
2300012,0,0,0,0,0,0,0,0
2300013,0,0,0,0,0,0,0,0
2300100,0,0,0,0,0,0,0,0
2300101,0,0,0,0,0,0,0,0
2300102,0,0,0,0,0,0,0,0
2300103,0,0,0,0,0,0,0,0
2300110,0,0,0,0,0,0,0,0
2300111,0,0,0,0,0,0,0,0
2300112,0,0,0,0,0,0,0,0
2300113,0,0,0,0,0,0,0,0
2301000,0,0,0,0,0,0,0,0
2301001,0,0,0,0,0,0,0,0
2301002,0,0,0,0,0,0,0,0
2301003,0,0,0,0,0,0,0,0
2301010,0,0,0,0,0,0,0,0
2301011,0,0,0,0,0,0,0,0
2301012,0,0,0,0,0,0,0,0
2301013,0,0,0,0,0,0,0,0
2301100,0,0,0,0,0,0,0,0
2301101,0,0,0,0,0,0,0,0
2301102,0,0,0,0,0,0,0,0
2301103,0,0,0,0,0,0,0,0
2301110,0,0,0,0,0,0,0,0
2301111,0,0,0,0,0,0,0,0
2301112,0,0,0,0,0,0,0,0
2301113,0,0,0,0,0,0,0,0
2310000,0,0,0,0,0,0,0,0
2310001,0,0,0,0,0,0,0,0
2310002,0,0,0,0,0,0,0,0
2310003,0,0,0,0,0,0,0,0
2310010,0,0,0,0,0,0,0,0
2310011,0,0,0,0,0,0,0,0
2310012,0,0,0,0,0,0,0,0
2310013,0,0,0,0,0,0,0,0
2310100,0,0,0,0,0,0,0,0
2310101,0,0,0,0,0,0,0,0
2310102,0,0,0,0,0,0,0,0
2310103,0,0,0,0,0,0,0,0
2310110,0,0,0,0,0,0,0,0
2310111,0,0,0,0,0,0,0,0
2310112,0,0,0,0,0,0,0,0
2310113,0,0,0,0,0,0,0,0
2311000,0,0,0,0,0,0,0,0
2311001,0,0,0,0,0,0,0,0
2311002,0,0,0,0,0,0,0,0
2311003,0,0,0,0,0,0,0,0
2311010,0,0,0,0,0,0,0,0
2311011,0,0,0,0,0,0,0,0
2311012,0,0,0,0,0,0,0,0
2311013,0,0,0,0,0,0,0,0
2311100,0,0,0,0,0,0,0,0
2311101,0,0,0,0,0,0,0,0
2311102,0,0,0,0,0,0,0,0
2311103,0,0,0,0,0,0,0,0
2311110,0,0,0,0,0,0,0,0
2311111,0,0,0,0,0,0,0,0
2311112,0,0,0,0,0,0,0,0
2311113,0,0,0,0,0,0,0,0
3000000,0,0,0,0,0,0,0,0
3000001,0,0,0,0,0,0,0,0
3000002,0,0,0,0,0,0,0,0
3000003,0,0,0,0,0,0,0,0
3000010,0,0,0,0,0,0,0,0
3000011,0,0,0,0,0,0,0,0
3000012,0,0,0,0,0,0,0,0
3000013,0,0,0,0,0,0,0,0
3000100,0,0,0,0,0,0,0,0
3000101,0,0,0,0,0,0,0,0
3000102,0,0,0,0,0,0,0,0
3000103,0,0,0,0,0,0,0,0
3000110,0,0,0,0,0,0,0,0
3000111,0,0,0,0,0,0,0,0
3000112,0,0,0,0,0,0,0,0
3000113,0,0,0,0,0,0,0,0
3001000,0,0,0,0,0,0,0,0
3001001,0,0,0,0,0,0,0,0
3001002,0,0,0,0,0,0,0,0
3001003,0,0,0,0,0,0,0,0
3001010,0,0,0,0,0,0,0,0
3001011,0,0,0,0,0,0,0,0
3001012,0,0,0,0,0,0,0,0
3001013,0,0,0,0,0,0,0,0
3001100,0,0,0,0,0,0,0,0
3001101,0,0,0,0,0,0,0,0
3001102,0,0,0,0,0,0,0,0
3001103,0,0,0,0,0,0,0,0
3001110,0,0,0,0,0,0,0,0
3001111,0,0,0,0,0,0,0,0
3001112,0,0,0,0,0,0,0,0
3001113,0,0,0,0,0,0,0,0
3010000,0,0,0,0,0,0,1,0
3010001,0,0,0,0,0,0,0,0
3010002,0,0,0,0,0,0,0,0
3010003,0,0,0,0,0,0,0,0
3010010,0,0,1,0,0,0,0,0
3010011,0,0,0,0,0,0,0,0
3010012,0,0,0,0,0,0,0,0
3010013,0,0,0,0,0,0,0,0
3010100,0,0,0,0,0,0,0,0
3010101,0,0,0,0,0,0,0,0
3010102,0,0,0,0,0,0,0,0
3010103,0,0,0,0,0,0,0,0
3010110,0,0,0,0,0,0,0,0
3010111,0,0,0,0,0,0,0,0
3010112,0,0,0,0,0,0,0,0
3010113,0,0,0,0,0,0,0,0
3011000,0,0,0,0,0,0,0,0
3011001,0,0,0,0,0,0,0,0
3011002,0,0,0,0,0,0,0,0
3011003,0,0,0,0,0,0,0,0
3011010,0,0,0,0,0,0,0,0
3011011,0,0,0,0,0,0,0,0
3011012,0,0,0,0,0,0,0,0
3011013,0,0,0,0,0,0,0,0
3011100,0,0,0,0,0,0,0,0
3011101,0,0,0,0,0,0,0,0
3011102,0,0,0,0,0,0,0,0
3011103,0,0,0,0,0,0,0,0
3011110,0,0,0,0,0,0,0,0
3011111,0,0,0,0,0,0,0,0
3011112,0,0,0,0,0,0,0,0
3011113,0,0,0,0,0,0,0,0
3100000,0,0,0,0,0,0,0,0
3100001,0,0,0,0,0,0,0,0
3100002,0,0,0,0,0,0,0,0
3100003,0,0,0,0,0,0,0,0
3100010,0,0,0,0,0,0,0,0
3100011,0,0,0,0,0,0,0,0
3100012,0,0,0,0,0,0,0,0
3100013,0,0,0,0,0,0,0,0
3100100,0,0,0,0,0,0,0,0
3100101,0,0,0,0,0,0,0,0
3100102,0,0,0,0,0,0,0,0
3100103,0,0,0,0,0,0,0,0
3100110,0,0,0,0,0,0,0,0
3100111,0,0,0,0,0,0,0,0
3100112,0,0,0,0,0,0,0,0
3100113,0,0,0,0,0,0,0,0
3101000,0,0,0,0,0,0,0,0
3101001,0,0,0,0,0,0,0,0
3101002,0,0,0,0,0,0,0,0
3101003,0,0,0,0,0,0,0,0
3101010,0,0,0,0,0,0,0,0
3101011,0,0,0,0,0,0,0,0
3101012,0,0,0,0,0,0,0,0
3101013,0,0,0,0,0,0,0,0
3101100,0,0,0,0,0,0,0,0
3101101,0,0,0,0,0,0,0,0
3101102,0,0,0,0,0,0,0,0
3101103,0,0,0,0,0,0,0,0
3101110,0,0,0,0,0,0,0,0
3101111,0,0,0,0,0,0,0,0
3101112,0,0,0,0,0,0,0,0
3101113,0,0,0,0,0,0,0,0
3110000,0,0,0,0,0,0,0,0
3110001,0,0,0,0,0,0,0,0
3110002,0,0,0,0,0,0,0,0
3110003,0,0,0,0,0,0,0,0
3110010,0,0,0,0,0,0,0,0
3110011,0,0,0,0,0,0,0,0
3110012,0,0,0,0,0,0,0,0
3110013,0,0,0,0,0,0,0,0
3110100,0,0,0,0,0,0,0,0
3110101,0,0,0,0,0,0,0,0
3110102,0,0,0,0,0,0,0,0
3110103,0,0,0,0,0,0,0,0
3110110,0,0,0,0,0,0,0,0
3110111,0,0,0,0,0,0,0,0
3110112,0,0,0,0,0,0,0,0
3110113,0,0,0,0,0,0,0,0
3111000,0,0,0,0,0,0,0,0
3111001,0,0,0,0,0,0,0,0
3111002,0,0,0,0,0,0,0,0
3111003,0,0,0,0,0,0,0,0
3111010,0,0,0,0,0,0,0,0
3111011,0,0,0,0,0,0,0,0
3111012,0,0,0,0,0,0,0,0
3111013,0,0,0,0,0,0,0,0
3111100,0,0,0,0,0,0,0,0
3111101,0,0,0,0,0,0,0,0
3111102,0,0,0,0,0,0,0,0
3111103,0,0,0,0,0,0,0,0
3111110,0,0,0,0,0,0,0,0
3111111,0,0,0,0,0,0,0,0
3111112,0,0,0,0,0,0,0,0
3111113,0,0,0,0,0,0,0,0
3200000,0,0,0,0,0,0,0,0
3200001,0,0,0,0,0,0,0,0
3200002,0,0,0,0,0,0,0,0
3200003,0,0,0,0,0,0,0,0
3200010,0,0,0,0,0,0,0,0
3200011,0,0,0,0,0,0,0,0
3200012,0,0,0,0,0,0,0,0
3200013,0,0,0,0,0,0,0,0
3200100,0,0,0,0,0,0,0,0
3200101,0,0,0,0,0,0,0,0
3200102,0,0,0,0,0,0,0,0
3200103,0,0,0,0,0,0,0,0
3200110,0,0,0,0,0,0,0,0
3200111,0,0,0,0,0,0,0,0
3200112,0,0,0,0,0,0,0,0
3200113,0,0,0,0,0,0,0,0
3201000,0,0,0,0,0,0,0,0
3201001,0,0,0,0,0,0,0,0
3201002,0,0,0,0,0,0,0,0
3201003,0,0,0,0,0,0,0,0
3201010,0,0,0,0,0,0,0,0
3201011,0,0,0,0,0,0,0,0
3201012,0,0,0,0,0,0,0,0
3201013,0,0,0,0,0,0,0,0
3201100,0,0,0,0,0,0,0,0
3201101,0,0,0,0,0,0,0,0
3201102,0,0,0,0,0,0,0,0
3201103,0,0,0,0,0,0,0,0
3201110,0,0,0,0,0,0,0,0
3201111,0,0,0,0,0,0,0,0
3201112,0,0,0,0,0,0,0,0
3201113,0,0,0,0,0,0,0,0
3210000,0,0,1,0,0,0,0,0
3210001,0,0,0,0,0,0,0,0
3210002,0,0,0,0,0,0,0,0
3210003,0,0,0,0,0,0,0,0
3210010,0,0,0,0,0,0,0,0
3210011,0,0,0,0,0,0,0,0
3210012,0,0,0,0,0,0,0,0
3210013,0,0,0,0,0,0,0,0
3210100,0,0,0,0,0,0,0,0
3210101,0,0,0,0,0,0,0,0
3210102,0,0,0,0,0,0,0,0
3210103,0,0,0,0,0,0,0,0
3210110,0,0,1,0,0,0,0,0
3210111,0,0,0,0,0,0,0,0
3210112,0,0,0,0,0,0,0,0
3210113,0,0,0,0,0,0,0,0
3211000,0,1,0,1,1,0,1,0
3211001,0,0,0,0,0,0,0,0
3211002,0,0,0,0,0,0,0,0
3211003,0,0,0,0,0,0,0,0
3211010,0,0,0,0,0,0,0,1.99
3211011,0,0,0,0,0,0,0,0
3211012,0,0,0,0,0,0,0,0
3211013,0,0,0,0,0,0,0,0
3211100,0,0,0,0,0,1,1,0
3211101,0,0,0,0,0,0,0,0
3211102,0,0,0,0,0,0,0,0
3211103,0,0,0,0,0,0,0,0
3211110,0,1,0,0,0,0,0,1
3211111,0,0,0,0,0,0,0,0
3211112,0,0,0,0,0,0,0,0
3211113,0,0,0,0,0,0,0,0
3300000,0,0,0,0,0,0,0,0
3300001,0,0,0,0,0,0,0,0
3300002,0,0,0,0,0,0,0,0
3300003,0,0,0,0,0,0,0,0
3300010,0,0,0,0,0,0,0,0
3300011,0,0,0,0,0,0,0,0
3300012,0,0,0,0,0,0,0,0
3300013,0,0,0,0,0,0,0,0
3300100,0,0,0,0,0,0,0,0
3300101,0,0,0,0,0,0,0,0
3300102,0,0,0,0,0,0,0,0
3300103,0,0,0,0,0,0,0,0
3300110,0,0,0,0,0,0,0,0
3300111,0,0,0,0,0,0,0,0
3300112,0,0,0,0,0,0,0,0
3300113,0,0,0,0,0,0,0,0
3301000,0,0,0,0,0,0,0,0
3301001,0,0,0,0,0,0,0,0
3301002,0,0,0,0,0,0,0,0
3301003,0,0,0,0,0,0,0,0
3301010,0,0,0,0,0,0,0,0
3301011,0,0,0,0,0,0,0,0
3301012,0,0,0,0,0,0,0,0
3301013,0,0,0,0,0,0,0,0
3301100,0,0,0,0,0,0,0,0
3301101,0,0,0,0,0,0,0,0
3301102,0,0,0,0,0,0,0,0
3301103,0,0,0,0,0,0,0,0
3301110,0,0,0,0,0,0,0,0
3301111,0,0,0,0,0,0,0,0
3301112,0,0,0,0,0,0,0,0
3301113,0,0,0,0,0,0,0,0
3310000,0,0,0,0,0,0,0,0
3310001,0,0,0,0,0,0,0,0
3310002,0,0,0,0,0,0,0,0
3310003,0,0,0,0,0,0,0,0
3310010,0,0,0,0,0,0,0,0
3310011,0,0,0,0,0,0,0,0
3310012,0,0,0,0,0,0,0,0
3310013,0,0,0,0,0,0,0,0
3310100,0,0,0,0,0,0,0,0
3310101,0,0,0,0,0,0,0,0
3310102,0,0,0,0,0,0,0,0
3310103,0,0,0,0,0,0,0,0
3310110,0,0,0,0,0,0,0,0
3310111,0,0,0,0,0,0,0,0
3310112,0,0,0,0,0,0,0,0
3310113,0,0,0,0,0,0,0,0
3311000,0,0,0,1,1,0,0,0
3311001,0,0,0,0,0,0,0,0
3311002,0,0,0,0,0,0,0,0
3311003,0,0,0,0,0,0,0,0
3311010,0,0,0,0,1,0,0,1
3311011,0,0,0,0,0,0,0,0
3311012,0,0,0,0,0,0,0,0
3311013,0,0,0,0,0,0,0,0
3311100,0,0,0,0,0,1,0,0
3311101,0,0,0,0,0,0,0,0
3311102,0,0,0,0,0,0,0,0
3311103,0,0,0,0,0,0,0,0
3311110,0,0,0,1,0,1,0,0
3311111,0,0,0,0,0,0,0,0
3311112,0,0,0,0,0,0,0,0
3311113,0,0,0,0,0,0,0,0
